id;ticker;name;index_id;exchange_id;fb_page;tw_name;tw_search_name;;other_tw_name;tw_name has other lang than AJ;fb page other lang
1;MMM;3M Company;1;;3M;3M;3M Company;;;;
2;ABT;Abbott Laboratories;1;;;AbbottNews;Abbott;;;;
3;ABBV;AbbVie;1;;;abbvie;AbbVie;;;;
4;ACN;Accenture plc;1;;accenture;Accenture;Accenture;;;;
5;;ACE Limited;1;;;;HFU6418OIX_companydoesnotexist;;;;
6;ADBE;Adobe Systems Inc;1;;Adobe;Adobe;Adobe;;;;
7;ADT;ADT Corp;1;;;adt;ADT;;;;
8;AES;AES Corp;1;;;TheAESCorp;AES corp;;;;
9;AET;Aetna Inc;1;;aetna;AetnaNews;Aetna;;;;
10;AMG;Affiliated Managers Group Inc;1;;;;Affiliated Managers Group;;;;
11;AFL;AFLAC Inc;1;;Aflac;Aflac;Aflac;;;;
12;A;Agilent Technologies Inc;1;;Agilent.Tech;Agilent;Agilent;;;;
13;GAS;AGL Resources Inc.;1;;;AGL_Resources;AGL Resources;;;;
14;APD;Air Products & Chemicals Inc;1;;;AirProducts;Air Products and Chemicals;;;;
15;ARG;Airgas Inc;1;;;airgas;Airgas;;;;
16;AKAM;Akamai Technologies Inc;1;;AkamaiTechnologies;Akamai;Akamai;;;;
17;AA;Alcoa Inc;1;;alcoa;Alcoa;Alcoa;;;;
18;ALXN;Alexion Pharmaceuticals;1;;;alexionpharma;Alexion;;;;
19;ATI;Allegheny Technologies Inc;1;;;;Allegheny Technologies;;;;
20;ALLE;Allegion;1;;AllegionPlc;AllegionPlc;Allegion;;AllegionUS;;
21;AGN;Allergan plc;1;;;Allergan;Allergan;;;;
22;ADS;Alliance Data Systems;1;;alliancedata;AllianceData;Alliance Data Systems;;;;
23;ALL;Allstate Corp;1;;Allstate;AllstateNews;Allstate;;Allstate;;
24;ALTR;Altera Corp;1;;alteracorp;alteracorp;Altera co;;;;
25;MO;Altria Group Inc;1;;;AltriaNews;Altria;;;;
26;AMZN;Amazon.com Inc;1;;Amazon;amazon;Amazon;;;;
27;AEE;Ameren Corp;1;;AmerenCorp;AmerenCorp;Ameren;;;;
28;AAL;American Airlines Group;1;;AmericanAirlines;AmericanAir;American Airlines;;;;
29;AEP;American Electric Power;1;;americanelectricpower;AEPnews;American Electric Power;;;;
30;AXP;American Express Co;1;;AmericanExpress;AmericanExpress;American Express;;;;
31;AIG;American International Group, Inc.;1;;AIGInsurance;AIGinsurance;AIG;;;;
32;AMT;American Tower Corp A;1;;;;American Tower corp;;;;
33;AMP;Ameriprise Financial;1;;Ameriprise;Ameriprise_News;Ameriprise;;;;
34;ABC;AmerisourceBergen Corp;1;;;Healthcare_ABC;AmerisourceBergen;;;;
35;AME;Ametek;1;;;AMETEKInc;AMETEK;;;;
36;AMGN;Amgen Inc;1;;;Amgen;Amgen inc.;;;;
37;APH;Amphenol Corp A;1;;;AmphenolLtd;Amphenol;;amphenol;;
38;APC;Anadarko Petroleum Corp;1;;AnadarkoPetroleumCorporation;;Anadarko ;;;;
39;ADI;Analog Devices, Inc.;1;;;ADI_News;Analog Devices inc.;;;;
40;ANTM;Anthem Inc.;1;;;AnthemInc;Anthem inc.;;;;
41;AON;Aon plc;1;;;Aon_plc;Aon plc;;;;
42;APA;Apache Corporation;1;;;ApacheCorp;Apache corp;;;;
43;AIV;Apartment Investment & Mgmt;1;;;AimcoApts;Apartment Investment & Management co;;;;
44;AAPL;Apple Inc.;1;;;applenws;Apple inc;;;;
45;AMAT;Applied Materials Inc;1;;;Applied_Blog;Applied Materials;;;;
46;ADM;Archer-Daniels-Midland Co;1;;;ADMupdates;Archer Daniels Midland;;;;
47;AIZ;Assurant Inc;1;;;AssurantNews;Assurant inc;;;;
48;T;AT&T Inc;1;;ATT;att;AT&T;;;;
49;ADSK;Autodesk Inc;1;;autodesk;autodesk;Autodesk;;;;
50;ADP;Automatic Data Processing;1;;AutomaticDataProcessing;ADP;Automatic Data Processing;;;;
51;AN;AutoNation Inc;1;;autonation;AutoNation;Autonation inc;;;;
52;AZO;AutoZone Inc;1;;;autozone;Autozone inc;;;;
53;AVGO;Avago Technologies;1;;Avagotech;Avagotech;Avago Technologies;;;;
54;AVB;AvalonBay Communities, Inc.;1;;;AvalonBay;AvalonBay;;;;
55;AVY;Avery Dennison Corp;1;;AveryDennisonCorporation;AveryDennison;Avery Dennison;;;;
56;BHI;Baker Hughes Inc;1;;;BHInc;Baker Hughes;;;;
57;BLL;Ball Corp;1;;;BallCorpHQ;Ball corp;;;;
58;BAC;Bank of America Corp;1;;BankofAmerica;bofa_news;Bank of America;;;;
59;BCR;Bard (C.R.) Inc.;1;;;;C. R. Bard inc;;;;
60;BAX;Baxter International Inc.;1;;102035033580;baxter_intl;Baxter International;;;;
61;BBT;BB&T Corporation;1;;BBTBank;askBBT;BB&T corp;;;;
62;BDX;Becton Dickinson;1;;;BDandCo;Becton Dickinson;;;;
63;BBBY;Bed Bath & Beyond;1;;BedBathAndBeyond;BedBathBeyond;Bed Bath & Beyond;;;;
64;BRK-B;Berkshire Hathaway;1;;BHHSRealEstate;B_Hathaway_News;Berkshire Hathaway;;;;
65;BBY;Best Buy Co. Inc.;1;;;BBYNews;Best Buy inc;;BestBuy;;
66;BIIB;BIOGEN IDEC Inc.;1;;;biogen;Biogen;;;;
67;BLK;BlackRock;1;;BlackRock;blackrock;Blackrock inc;;;;
68;HRB;Block H&R;1;;hrblock;HRBlock;H&R Block;;;;
69;BA;Boeing Company;1;;;Boeing;Boeing;;;;
70;BWA;BorgWarner;1;;121677597857698;;BorgWarner;;;;
71;BXP;Boston Properties;1;;;;Boston Properties inc;;;;
72;BSX;Boston Scientific;1;;;bostonsci;Boston Scientific;;;;
73;BMY;Bristol-Myers Squibb;1;;;bmsnews;Bristol-Myers Squibb;;;;
74;BRCM;Broadcom Corporation;1;;;Broadcom;Broadcom;;;;
75;BF-B;Brown-Forman Corporation;1;;;Brown_Forman;Brown Forman;;;;
76;CHRW;C. H. Robinson Worldwide;1;;;CHRobinsonInc;C.H. Robinson;;;;
77;CA;CA, Inc.;1;;;CAinc;CA Technologies;;;;
78;CVC;Cablevision Systems Corp.;1;;;;Cablevision Systems corp;;;;
79;COG;Cabot Oil & Gas;1;;;CabotOG;Cabot Oil & Gas;;;;
80;CAM;Cameron International Corp.;1;;;cameron_intl;Cameron;;;;
81;CPB;Campbell Soup;1;;campbells;CampbellSoupCo;Campbell Soup co;;;;
82;COF;Capital One Financial;1;;capitalone;CapitalOne;Capital One;;;;
83;CAH;Cardinal Health Inc.;1;;;CardinalHealth_;Cardinal Health;;;;
84;KMX;Carmax Inc;1;;CarMax;CarMax;CarMax;;;;
85;CCL;Carnival Corp.;1;;Carnival;CarnivalPLC;Carnival corp;;;;
86;CAT;Caterpillar Inc.;1;;caterpillar;CaterpillarInc;Caterpillar inc;;;;
87;CBG;CBRE Group;1;;cbre;CBRE;CBRE;;;;
88;CBS;CBS Corp.;1;;CBS;CBS;CBS corp;;;;
89;CELG;Celgene Corp.;1;;;Celgene;Celgene;;;;
90;CNP;CenterPoint Energy;1;;CenterPointEnergy;energyinsights;Centerpoint Energy;;;;
91;CTL;CenturyLink Inc;1;;CenturyLink;CenturyLink;CenturyLink;;;;
92;CERN;Cerner;1;;Cerner;Cerner;Cerner;;;;
93;CF;CF Industries Holdings Inc;1;;;;CF Industries Holdings;;;;
94;CI;CIGNA Corp.;1;;CIGNA;Cigna;Cigna;;;;
95;XEC;Cimarex Energy;1;;;;Cimarex Energy;;;;
96;CINF;Cincinnati Financial;1;;CincinnatiInsurance;;Cincinnati Financial co;;;;
97;CTAS;Cintas Corporation;1;;Cintas;CintasCorp;Cintas corp;;;;
98;CSCO;Cisco Systems;1;;Cisco;Cisco;Cisco systems;;;;
99;C;Citigroup Inc.;1;;citi;citi;Citigroup;;;;
100;CTXS;Citrix Systems;1;;Citrix;citrix;Citrix systems;;;;
101;CME;CME Group Inc.;1;;CMEGroup;CMEGroup;CMEGroup;;;;
102;CMS;CMS Energy;1;;;;CMS energy co;;;;
103;COH;Coach Inc.;1;;;Coach;Coach inc;;;;
104;CTSH;Cognizant Technology Solutions;1;;Cognizant;Cognizant;Cognizant;;;;
105;CL;Colgate-Palmolive;1;;;CP_News;Colgate-Palmolive;;;;
106;CMCSA;Comcast Corp.;1;;xfinity;comcast;Comcast ;;;;
107;CMA;Comerica Inc.;1;;;;Comerica inc;;;;
108;CSC;Computer Sciences Corp.;1;;;CSC;Computer Sciences co;;;;
109;CAG;ConAgra Foods Inc.;1;;ConAgraFoods;ConAgraFoods;ConAgra Foods;;;;
110;COP;ConocoPhillips;1;;conocophillips;conocophillips;ConocoPhillips;;;;
111;CNX;CONSOL Energy Inc.;1;;consolenergy;CONSOL_Energy;CONSOL Energy;;;;
112;ED;Consolidated Edison;1;;;ConEdison;Consolidated Edison;;;;
113;STZ;Constellation Brands;1;;;;Constellation Brands;;;;
114;GLW;Corning Inc.;1;;CorningGorillaGlass;Corning;Corning inc;;;;
115;COST;Costco Co.;1;;Costco;Costco;Costco;;;;
116;CCI;Crown Castle International Corp.;1;;;;Crown Castle International;;;;
117;CSX;CSX Corp.;1;;OfficialCSX;CSX;CSX;;;;
118;CMI;Cummins Inc.;1;;CUMMINS;Cummins;Cummins inc;;;;
119;CVS;CVS Caremark Corp.;1;;;cvshealth;CVS Health;;;;
120;DHI;D. R. Horton;1;;;DRHorton;D.R. Horton;;;;
121;DHR;Danaher Corp.;1;;;;Danaher co;;;;
122;DRI;Darden Restaurants;1;;;darden;Darden Restaurants;;;;
123;DVA;DaVita Inc.;1;;;DaVita;DaVita;;;;
124;DE;Deere & Co.;1;;JohnDeere;johndeere;John Deere;;;;
125;DLPH;Delphi Automotive;1;;;DelphiAuto;Delphi Automotive;;;;
126;DAL;Delta Air Lines;1;;delta;delta;Delta Air Lines;;;;
127;XRAY;Dentsply International;1;;;DENTSPLY_UK;Dentsply International;;;;
128;DVN;Devon Energy Corp.;1;;;DevonEnergy;Devon Energy;;;;
129;DO;Diamond Offshore Drilling;1;;;;Diamond Offshore Drilling;;;;
130;DTV;DirecTV;1;;directv;DIRECTV;DirecTV;;;;
131;DFS;Discover Financial Services;1;;;;Discover Financial Services;;;;
132;DISCA;Discovery Communications-A;1;;DiscoveryComm;DiscoveryComm;Discovery Communications;;;;
133;DG;Dollar General;1;;dollargeneral;DollarGeneral; Dollar General corp;;;;
134;DLTR;Dollar Tree;1;;dollartree;DollarTree;Dollar Tree;;;;
135;D;Dominion Resources;1;;;DomNews;Dominion Resources;;;;
136;DOV;Dover Corp.;1;;;DoverCorp;Dover corp;;;;
137;DOW;Dow Chemical;1;;;DowChemical;Dow Chemical;;;;
138;DPS;Dr Pepper Snapple Group;1;;DrPepperSnapple;DrPepperSnapple;Dr Pepper Snapple Group;;;;
139;DTE;DTE Energy Co.;1;;dteenergy;DTE_Energy;DTE Energy;;;;
140;DD;Du Pont (E.I.);1;;dupontco;DuPont_News;DuPont;;;;
141;DUK;Duke Energy;1;;duke.energy;DukeEnergy;Duke Energy;;;;
142;DNB;Dun & Bradstreet;1;;;DnBUS;Dun & Bradstreet;;;;
143;ETFC;E*Trade;1;;ETRADE;etrade;E*Trade;;;;
144;EMN;Eastman Chemical;1;;EastmanChemicalCo;EastmanChemCo;Eastman Chemical;;;;
145;ETN;Eaton Corporation;1;;;eatoncorp;Eaton corp;;;;
146;EBAY;eBay Inc.;1;;eBay;eBayNewsroom;ebay inc;;eBay;;
147;ECL;Ecolab Inc.;1;;;Ecolab;Ecolab;;;;
148;EIX;Edison Int'l;1;;;edisonintl;Edison International;;;;
149;EW;Edwards Lifesciences;1;;;EdwardsLifesci;Edwards Lifesciences;;;;
150;EA;Electronic Arts;1;;EA;EA;Electronic Arts;;;;
151;EMC;EMC Corp.;1;;emccorp;EMCcorp;EMC corp;;;;
152;EMR;Emerson Electric Company;1;;EmersonCorporate;;Emerson Electric;;;;
153;ENDP;Endo International;1;;;;Endo International;;;;
154;ESV;Ensco plc;1;;;Enscoplc;Ensco plc;;;;
155;ETR;Entergy Corp.;1;;entergy;Entergy;Entergy;;;;
156;EOG;EOG Resources;1;;;;EOG Resources;;;;
157;EQT;EQT Corporation;1;;EQTCorporation;;EQT corp;;;;
158;EFX;Equifax Inc.;1;;Equifax;Equifax;Equifax;;;;
159;EQIX;Equinix;1;;;Equinix;Equinix;;;;
160;EQR;Equity Residential;1;;;EquityRes;Equity Residential;;;;
161;ESS;Essex Property Trust Inc;1;;EssexProperty;EssexProperties;Essex Property Trust;;;;
162;EL;Estee Lauder Cos.;1;;EsteeLauder;esteelauder;Estee Lauder Companies;;;;
163;ES;Eversource Energy;1;;;EversourceCorp;Eversource Energy;;;;
164;EXC;Exelon Corp.;1;;;Exelon;Exelon;;;;
165;EXPE;Expedia Inc.;1;;expedia;expediainc;Expedia inc;;;;
166;EXPD;Expeditors Int'l;1;;;;Expeditors International;;;;
167;ESRX;Express Scripts;1;;ExpressScripts;ExpressScripts;Express Scripts;;;;
168;XOM;Exxon Mobil Corp.;1;;;exxonmobil;Exxon Mobil;;;;
169;FFIV;F5 Networks;1;;f5networksinc;F5Networks;F5 Networks;;;;
170;FB;Facebook;1;;facebook;facebook;Facebook;;;;
171;FDO;Family Dollar Stores;1;;familydollar;myfamilydollar;Family Dollar Stores;;;;
172;FAST;Fastenal Co;1;;;FastenalCompany;Fastenal;;;;
173;FDX;FedEx Corporation;1;;FedEx;FedEx;FedEx;;;;
174;FIS;Fidelity National Information Services;1;;;fisglobal;Fidelity National Information Services;;;;
175;FITB;Fifth Third Bancorp;1;;FifthThirdBank;FifthThird;Fifth Third bank;;;;
176;FSLR;First Solar Inc;1;;;FirstSolar;First Solar inc;;;;
177;FE;FirstEnergy Corp;1;;;firstenergycorp;FirstEnergy;;;;
178;FISV;Fiserv Inc;1;;;Fiserv;Fiserv;;;;
179;FLIR;FLIR Systems;1;;;flir;FLIR Systems;;;;
180;FLS;Flowserve Corporation;1;;;Flowserve;Flowserve;;;;
181;FLR;Fluor Corp.;1;;;FluorCorp;Fluor Corp;;;;
182;FMC;FMC Corporation;1;;;FMCCorp;FMC Corp;;;;
183;FTI;FMC Technologies Inc.;1;;FMCTI;FMC_Tech;FMC Technologies;;;;
184;F;Ford Motor;1;;ford;Ford;Ford Motor;;;;
185;FOSL;Fossil, Inc.;1;;Fossil;Fossil;Fossil inc;;;;
186;BEN;Franklin Resources;1;;franklintempleton;fti_us;Franklin Resources;;;;
187;FCX;Freeport-McMoran Cp & Gld;1;;;FM_FCX;Freeport-McMoRan;;;;
188;FTR;Frontier Communications;1;;FrontierCorp;FrontierCorp;Frontier Communications;;;;
189;GME;GameStop Corp.;1;;GameStop;gamestopcorp;GameStop;;gamestop;;
190;GPS;Gap (The);1;;gap;Gap;Gap inc;;;;
191;GRMN;Garmin Ltd.;1;;Garmin;Garmin;Garmin;;;;
192;GD;General Dynamics;1;;;GDMS;General Dynamics;;;;
193;GE;General Electric;1;;GE;generalelectric;General Electric;;;;
194;GGP;General Growth Properties Inc.;1;;GeneralGrowthProperties;GeneralGrowth;General Growth Properties;;;;
195;GIS;General Mills;1;;;GeneralMills;General Mills;;;;
196;GM;General Motors;1;;generalmotors;GM;General Motors;;;;
197;GPC;Genuine Parts;1;;;;Genuine Parts Company;;;;
198;GNW;Genworth Financial Inc.;1;;Genworth;Genworth;Genworth;;;;
199;GILD;Gilead Sciences;1;;;GileadSciences;Gilead Sciences;;;;
200;GS;Goldman Sachs Group;1;;;GoldmanSachs;Goldman Sachs;;;;
201;GT;Goodyear Tire & Rubber;1;;goodyear.sa;goodyear;Goodyear Tire & Rubber;;;;
202;GOOG;Google Inc Class C;1;;Google;google;Google;;;;
203;GWW;Grainger (W.W.) Inc.;1;;grainger;grainger;Grainger inc;;;;
204;HAL;Halliburton Co.;1;;halliburton;Halliburton;Halliburton co;;;;
205;HBI;Hanesbrands Inc;1;;hanes;hanes;Hanesbrands;;;;
206;HOG;Harley-Davidson;1;;harley-davidson;harleydavidson;Harley-Davidson;;;;
207;HAR;Harman Int'l Industries;1;;harmankardon;harmankardon;Harman Kardon;;;;
208;HRS;Harris Corporation;1;;;HarrisCorp;Harris Corporation;;;;
209;HIG;Hartford Financial Svc.Gp.;1;;TheHartford;thehartford;Hartford Financial Services Group;;;;
210;HAS;Hasbro Inc.;1;;hasbrogaming;HasbroNews;Hasbro;;;;
211;HCA;HCA Holdings;1;;;;HCA Holdings;;;;
212;HCP;HCP Inc.;1;;;HCP_Nevada;HCP inc;;;;
213;HCN;Health Care REIT, Inc.;1;;;Welltower;Welltower;;;;
214;HP;Helmerich & Payne;1;;;HelmerichPayne;Helmerich & Payne;;;;
215;HSIC;Henry Schein;1;;HenryScheinDental;HenrySchein;Henry Schein;;;;
216;HES;Hess Corporation;1;;;HessCorporation;Hess corp;;;;
217;HPQ;Hewlett-Packard;1;;HP;HP;Hewlett Packard;;;;
218;HD;Home Depot;1;;homedepot;HomeDepot;Home Depot;;;;
219;HON;Honeywell Int'l Inc.;1;;honeywellhome;HoneywellNow;Honeywell;;;;
220;HRL;Hormel Foods Corp.;1;;;HormelFoods;Hormel Foods;;;;
221;;Hospira Inc.;1;;;;Hospira;;;;
222;HST;Host Hotels & Resorts;1;;;;Host Hotels & Resorts;;;;
223;HCBK;Hudson City Bancorp;1;;;;Hudson City bank;;;;
224;HUM;Humana Inc.;1;;Humana;Humana;Humana;;;;
225;HBAN;Huntington Bancshares;1;;HuntingtonBank;huntington_bank;Huntington Bancshares;;;;
226;SCHW;Charles Schwab Corporation;1;;CharlesSchwab;charlesschwab;Charles Schwab;;;;
227;CHK;Chesapeake Energy;1;;Chesapeake;Chesapeake;Chesapeake Energy;;;;
228;CVX;Chevron Corp.;1;;Chevron;Chevron;Chevron;;;;
229;CMG;Chipotle Mexican Grill;1;;chipotle;chipotletweets;Chipotle Mexican Grill;;;;
230;CB;Chubb Corp.;1;;;Chubb;Chubb Limited;;;;
231;ITW;Illinois Tool Works;1;;;ITWDynatec;Illinois Tool Works;;;;
232;IR;Ingersoll-Rand PLC;1;;ingersollrand;IngersollRand;Ingersoll Rand;;;;
233;INTC;Intel Corp.;1;;Intel;intel;Intel corp;;;;
234;ICE;Intercontinental Exchange;1;;;ICE_Markets;Intercontinental Exchange;;;;
235;IBM;International Bus. Machines;1;;IBM;IBM;IBM;;;;
236;IP;International Paper;1;;;IntlPaperCo;International Paper;;;;
237;IPG;Interpublic Group;1;;;InterpublicIPG;Interpublic Group;;;;
238;IFF;Intl Flavors & Fragrances;1;;;IFF;Intl Flavors & Fragrances;;;;
239;INTU;Intuit Inc.;1;;intuit;IntuitInc;Intuit;;;;
240;ISRG;Intuitive Surgical Inc.;1;;;IntuitiveSurg;Intuitive Surgical;;;;
241;IVZ;Invesco Ltd.;1;;;InvescoUS;Invesco;;;;
242;IRM;Iron Mountain Incorporated;1;;;IronMountain;Iron Mountain Incorporated;;;;
243;JBHT;J. B. Hunt Transport Services;1;;jbhunttransport;jbhunt360;J.B. Hunt Transport;;;;
244;JEC;Jacobs Engineering Group;1;;;;Jacobs Engineering;;;;
245;JNJ;Johnson & Johnson;1;;jnj;johnsonsbaby;Johnson & Johnson;;;;
246;JCI;Johnson Controls;1;;JohnsonControls;johnsoncontrols;Johnson Controls;;;;
247;JOY;Joy Global Inc.;1;;joyglobalinc;joyglobalinc;Joy Global inc;;;;
248;JPM;JPMorgan Chase & Co.;1;;chase;jpmorgan;JPMorgan Chase;;;;
249;JNPR;Juniper Networks;1;;JuniperNetworks;JuniperNetworks;Juniper Networks;;;;
250;KSU;Kansas City Southern;1;;;;Kansas City Southern;;;;
251;K;Kellogg Co.;1;;;KelloggCompany;Kellogg co;;;;
252;GMCR;Keurig Green Mountain;1;;keurig;Keurig;Keurig Green Mountain;;;;
253;KEY;KeyCorp;1;;keybank;keybank;KeyCorp;;;;
254;KMB;Kimberly-Clark;1;;KimberlyClarkCorp;KCCorp;Kimberly Clark;;;;
255;KIM;Kimco Realty;1;;;kimcorealty;Kimco Realty;;;;
256;KMI;Kinder Morgan;1;;KinderMorganInc;Kinder_Morgan;Kinder Morgan;;;;
257;KLAC;KLA-Tencor Corp.;1;;;KLATencor_Info;KLA-Tencor;;;;
258;KSS;Kohl's Corp.;1;;kohls;Kohls;Kohl's;;;;
259;KHC;The Kraft Heinz Company;1;;Kraft;KraftHeinzCo;Kraft Heinz;;;;
260;KR;Kroger Co.;1;;Kroger;Kroger;Kroger;;;;
261;LB;L Brands Inc.;1;;;L_Brands;L Brands ;;;;
262;LLL;L-3 Communications Holdings;1;;;;L-3 Communications;;;;
263;LH;Laboratory Corp. of America Holding;1;;;LABCORP;LabCorp;;;;
264;LRCX;Lam Research;1;;LamResearchCorporation;LamResearch;Lam Research;;;;
265;LM;Legg Mason;1;;leggmason;leggmason;Legg Mason;;;;
266;LEG;Leggett & Platt;1;;100533476674104;LeggettSleep;Leggett & Platt;;;;
267;LEN;Lennar Corp.;1;;Lennar;Lennar;Lennar;;;;
268;LUK;Leucadia National Corp.;1;;;;Leucadia National;;;;
269;LVLT;Level 3 Communications;1;;level3;level3;Level 3 Communications;;;;
270;LLY;Lilly (Eli) & Co.;1;;;lillypad;Eli Lilly and Company;;;;
271;LNC;Lincoln National;1;;lincolnfinancialgroup;lincolnfingroup;Lincoln National;;;;
272;LLTC;Linear Technology Corp.;1;;LinearTechnologyCorporation;LinearTech;Linear Technology;;;;
273;LMT;Lockheed Martin Corp.;1;;lockheedmartin;LockheedMartin;Lockheed Martin;;;;
274;L;Loews Corp.;1;;LoewsHotels;Loews_Hotels;Loews corp;;;;
275;LOW;Lowe's Cos.;1;;lowes;Lowes;Lowe's Companies;;;;
276;LYB;LyondellBasell;1;;;LyondellBasell;LyondellBasell;;;;
277;MTB;M&T Bank Corp.;1;;MandTBank;MandT_Bank;M&T Bank;;;;
278;MAC;Macerich;1;;;Macerich;Macerich;;;;
279;M;Macy's Inc.;1;;Macys;Macys;Macy's;;;;
280;MNK;Mallinckrodt Plc;1;;;;Mallinckrodt ;;;;
281;MRO;Marathon Oil Corp.;1;;;MarathonOil;Marathon Oil;;;;
282;MPC;Marathon Petroleum;1;;;MarathonPetroCo;Marathon Petroleum;;;;
283;MAR;Marriott Int'l.;1;;marriottinternational;MarriottIntl;Marriott International;;;;
284;MMC;Marsh & McLennan;1;;;MMAUpperMidwest;Marsh & McLennan;;;;
285;MLM;Martin Marietta Materials;1;;;MartinMarietta;Martin Marietta Materials;;;;
286;MAS;Masco Corp.;1;;;MascoCorp;Masco corp;;;;
287;MA;Mastercard Inc.;1;;MasterCard;MasterCardNews;Mastercard;;MasterCard;;
288;MAT;Mattel Inc.;1;;Mattel;Mattel;Mattel;;;;
289;MKC;McCormick & Co.;1;;;mccormickspices;McCormick & Company;;;;
290;MCD;McDonald's Corp.;1;;McDonalds;McDonalds;McDonalds;;;;
291;MHFI;McGraw Hill Financial;1;;mhfi;mhfi;McGraw Hill Financial;;;;
292;MCK;McKesson Corp.;1;;McKessonCorporation;McKesson;McKesson -deray;;;;
293;MJN;Mead Johnson;1;;;meadjohnson;Mead Johnson;;;;
294;MWV;MeadWestvaco Corporation;1;;;;MeadWestvaco;;;;
295;MDT;Medtronic plc;1;;Medtronic;Medtronic;Medtronic;;;;
296;MRK;Merck & Co.;1;;MerckBeWell;Merck;Merck;;;;
297;MET;MetLife Inc.;1;;metlife;MetLife;MetLife;;;;
298;MCHP;Microchip Technology;1;;microchiptechnology;MicrochipTech;Microchip Technology;;;;
299;MU;Micron Technology;1;;;MicronTech;Micron Technology;;;;
300;MSFT;Microsoft Corp.;1;;Microsoft;microsoft;Microsoft;;;;
301;KORS;Michael Kors Holdings;1;;michaelkors;MichaelKors;Michael Kors Holdings;;;;
302;MHK;Mohawk Industries;1;;;mhkgreenworks;Mohawk Industries;;;;
303;TAP;Molson Coors Brewing Company;1;;CoorsPeak;molsoncoors;Molson Coors Brewing;;;;
304;MDLZ;Mondelez International;1;;mondelezinternational;MDLZ;Mondelez International;;;;
305;MON;Monsanto Co.;1;;MonsantoCo;MonsantoCo;Monsanto;;;;
306;MNST;Monster Beverage;1;;MonsterEnergy;MonsterEnergy;Monster Beverage;;;;
307;MCO;Moody's Corp;1;;;MoodysInvSvc;Moody's;;;;
308;MS;Morgan Stanley;1;;;MorganStanley;Morgan Stanley;;;;
309;MSI;Motorola Solutions Inc.;1;;Motorola;MotoSolutions;Motorola Solutions;;;;
310;MUR;Murphy Oil;1;;;;Murphy Oil;;;;
311;MYL;Mylan N.V.;1;;;MylanNews;Mylan N.V.;;;;
312;NDAQ;NASDAQ OMX Group;1;;NASDAQ;NASDAQ;NASDAQ;;;;
313;NOV;National Oilwell Varco Inc.;1;;NationalOilwellVarco;novglobal;National Oilwell Varco;;;;
314;NAVI;Navient;1;;;Navient;Navient;;;;
315;NTAP;NetApp;1;;NetApp;NetApp;NetApp;;;;
316;NFLX;Netflix Inc.;1;;netflix;netflix;Netflix;;;;
317;NWL;Newell Rubbermaid Co.;1;;NEWELLRUBBERMAID;nwlrubbermaid;Newell Rubbermaid;;;;
318;NFX;Newfield Exploration Co;1;;;Newfield3;Newfield Exploration;;;;
319;NEM;Newmont Mining Corp. (Hldg. Co.);1;;NewmontMiningCorporation;newmont;Newmont Mining;;;;
320;NWSA;News Corp.;1;;newscorp;newscorp;News Corp;;;;
321;NEE;NextEra Energy;1;;;nexteraenergy;NextEra Energy;;;;
322;NLSN;Nielsen Holdings;1;;nielsen;Nielsen;Nielsen Holdings;;;;
323;NKE;Nike;1;;nike;Nike;Nike;;;;
324;NI;NiSource Inc.;1;;NiSource;NiSourceInc;NiSource;;;;
325;NE;Noble Corp;1;;;;Noble Corp;;;;
326;NBL;Noble Energy Inc;1;;;NobleColorado;Noble Energy;;;;
327;JWN;Nordstrom;1;;Nordstrom;Nordstrom;Nordstrom;;;;
328;NSC;Norfolk Southern Corp.;1;;norfolksouthern;nscorp;Norfolk Southern;;;;
329;NTRS;Northern Trust Corp.;1;;;NorthernTrust;Northern Trust;;;;
330;NOC;Northrop Grumman Corp.;1;;NorthropGrumman;northropgrumman;Northrop Grumman;;;;
331;NRG;NRG Energy;1;;NRG;nrgenergy;NRG Energy;;;;
332;NUE;Nucor Corp.;1;;;NucorCorp;Nucor;;;;
333;NVDA;Nvidia Corporation;1;;NVIDIA;nvidia;Nvidia;;;;
334;OXY;Occidental Petroleum;1;;;OXY_Petroleum;Occidental Petroleum;;;;
335;OMC;Omnicom Group;1;;;Omnicom;Omnicom;;;;
336;OKE;ONEOK;1;;ONEOKInc;ONEOK;ONEOK;;;;
337;ORCL;Oracle Corp.;1;;Oracle;Oracle;Oracle;;;;
338;ORLY;O'Reilly Automotive;1;;OreillyAutoParts;oreillyauto;O'Reilly Automotive;;;;
339;OI;Owens-Illinois Inc;1;;;;Owens Illinois;;;;
340;PCAR;PACCAR Inc.;1;;;;PACCAR;;;;
341;;Pall Corp.;1;;;PallCorporation;Pall Corp.;;;;
342;PH;Parker-Hannifin;1;;;ParkerHannifin;Parker Hannifin;;;;
343;PDCO;Patterson Companies;1;;;;Patterson Companies;;;;
344;PAYX;Paychex Inc.;1;;Paychex;PaychexNews;Paychex;;Paychex;;
345;PNR;Pentair Ltd.;1;;PentairHidroFiltros;Pentair;Pentair;;;;
346;PBCT;People's United Financial;1;;;;People's United Financial;;;;
347;POM;Pepco Holdings Inc.;1;;;PepcoConnect;Pepco Holdings;;;;
348;PEP;PepsiCo Inc.;1;;pepsi;PepsiCo;PepsiCo;;;;
349;PKI;PerkinElmer;1;;PerkinElmer;PerkinElmer;PerkinElmer;;PerkinElmerNews;;
350;PRGO;Perrigo;1;;;;Perrigo Company;;;;
351;PFE;Pfizer Inc.;1;;Pfizer;pfizer;Pfizer;;pfizer_news;;
352;PCG;PG&E Corp.;1;;;PGE4Me;PG&E;;;;
353;PM;Philip Morris International;1;;;InsidePMI;Philip Morris International;;;;
354;PSX;Phillips 66;1;;Phillips66Gas;Phillips66Co;Phillips 66;;;;
355;PNW;Pinnacle West Capital;1;;;;Pinnacle West Capital;;;;
356;PXD;Pioneer Natural Resources;1;;;;Pioneer Natural Resources;;;;
357;PBI;Pitney-Bowes;1;;PitneyBowes;PitneyBowes;Pitney Bowes;;;;
358;;Plum Creek Timber Co.;1;;;;Plum Creek Timber;;;;
359;PNC;PNC Financial Services;1;;;PNCNews;PNC Financial Services;;;;
360;RL;Polo Ralph Lauren Corp.;1;;RalphLauren;RalphLauren;Ralph Lauren;;;;
361;PPG;PPG Industries;1;;ppgindustries;PPGIndustries;PPG Industries;;;;
362;PPL;PPL Corp.;1;;;PPLCorp;PPL Corp.;;;;
363;PX;Praxair Inc.;1;;;PraxairInc;Praxair;;;;
364;;Precision Castparts;1;;;;Precision Castparts;;;;
365;PCLN;Priceline.com Inc;1;;priceline;priceline;Priceline Group;;;;
366;PFG;Principal Financial Group;1;;PrincipalFinancial;theprincipal;Principal Financial;;;;
367;PG;Procter & Gamble;1;;proctergamble;ProcterGamble;Procter & Gamble;;;;
368;PGR;Progressive Corp.;1;;progressive;Corp_PTS;Progressive Corp.;;;;
369;PLD;Prologis;1;;;Prologis;Prologis;;;;
370;PRU;Prudential Financial;1;;PrudentialBYC;prudential;Prudential Financial;;;;
371;PEG;Public Serv. Enterprise Inc.;1;;PSEG;PSEGNews;Public Service Enterprise Group;;;;
372;PSA;Public Storage;1;;PublicStorage;PublicStorage;Public Storage;;;;
373;PHM;Pulte Homes Inc.;1;;PulteGroup;PulteHomes;PulteGroup;;;;
374;PVH;PVH Corp.;1;;;;PVH Corp.;;;;
375;QRVO;Qorvo;1;;;QorvoInc;Qorvo;;;;
376;QCOM;QUALCOMM Inc.;1;;Qualcomm;Qualcomm;Qualcomm;;;;
377;PWR;Quanta Services Inc.;1;;;Quanta_Services;Quanta Services;;;;
378;DGX;Quest Diagnostics;1;;questdiagnostics;QuestDX;Quest Diagnostics;;;;
379;RRC;Range Resources Corp.;1;;;Range_Resources;Range Resources;;;;
380;RTN;Raytheon Co.;1;;Raytheon;Raytheon;Raytheon;;;;
381;O;Realty Income Corporation;1;;;RealtyIncome;Realty Income;;;;
382;RHT;Red Hat Inc.;1;;RedHatSocietyPage;RedHatNews;Red Hat;;;;
383;REGN;Regeneron;1;;;regeneron;Regeneron;;;;
384;RF;Regions Financial Corp.;1;;RegionsBank;askregions;Regions Financial;;;;
385;RSG;Republic Services Inc;1;;RepublicServices;RepublicService;Republic Services;;;;
386;RAI;Reynolds American Inc.;1;;;RAI_News;Reynolds American;;;;
387;RHI;Robert Half International;1;;;roberthalf;Robert Half International;;;;
388;ROK;Rockwell Automation Inc.;1;;ROKAutomation;ROKAutomation;Rockwell Automation;;;;
389;COL;Rockwell Collins;1;;rockwellcollins;RockwellCollins;Rockwell Collins;;;;
390;ROP;Roper Industries;1;;;;Roper Technologies;;;;
391;ROST;Ross Stores;1;;RossDressforLess;Ross_Stores;Ross Stores;;;;
392;RCL;Royal Caribbean Cruises Ltd;1;;royalcaribbean;royalcaribbean;Royal Caribbean;;;;
393;R;Ryder System;1;;RyderSystemInc;;Ryder System;;;;
394;CRM;Salesforce.com;1;;salesforce;salesforce;Salesforce;;;;
395;SNDK;SanDisk Corporation;1;;sandisk;SanDisk;SanDisk;;;;
396;SCG;SCANA Corp;1;;;;SCANA;;;;
397;SNI;Scripps Networks Interactive Inc.;1;;;ScrippsNet;Scripps Networks;;;;
398;STX;Seagate Technology;1;;seagate;Seagate;Seagate Technology;;;;
399;SEE;Sealed Air Corp.(New);1;;287944878104;Sealed_Air;Sealed Air;;;;
400;SRE;Sempra Energy;1;;;SempraEnergy;Sempra Energy;;;;
401;SHW;Sherwin-Williams;1;;SherwinWilliamsforYourHome;SherwinWilliams;Sherwin-Williams;;;;
402;SLB;Schlumberger Ltd.;1;;;;Schlumberger;;;;
403;SIAL;Sigma-Aldrich;1;;;SigmaAldrich;Sigma-Aldrich;;;;
404;SPG;Simon Property Group Inc;1;;;SimonPropertyGp;Simon Property Group;;;;
405;SWKS;Skyworks Solutions;1;;;skyworksinc;Skyworks Solutions;;;;
406;SLG;SL Green Realty;1;;;;SL Green Realty;;;;
407;SJM;Smucker (J.M.);1;;smuckers;smuckers;Smucker;;;;
408;SNA;Snap-On Inc.;1;;SnaponTools;Snapon_Tools;Snap-On;;;;
409;SO;Southern Co.;1;;;SouthernCompany;Southern co;;;;
410;LUV;Southwest Airlines;1;;Southwest;SouthwestAir;Southwest Airlines;;;;
411;SWN;Southwestern Energy;1;;;SWN_R2;Southwestern Energy;;;;
412;SE;Spectra Energy Corp.;1;;SpectraEnergy;SpectraEnergy;Spectra Energy;;;;
413;STJ;St Jude Medical;1;;;SJM_Media;St Jude Medical;;stjudemedical;;
414;SWK;Stanley Black & Decker;1;;;StanleyBlkDeckr;Stanley Black & Decker;;;;
415;SPLS;Staples Inc.;1;;staples;Staples;Staples inc;;;;
416;SBUX;Starbucks Corp.;1;;Starbucks;Starbucksnews;Starbucks;;Starbucks;;
417;HOT;Starwood Hotels & Resorts;1;;starwood;StarwoodBuzz;Starwood Hotels;;;;
418;STT;State Street Corp.;1;;;statestreet;state street corp;;;;
419;SRCL;Stericycle Inc;1;;stericycle;Stericycle_Inc;Stericycle;;;;
420;SYK;Stryker Corp.;1;;;Stryker_Jobs;Stryker Corp.;;;;
421;STI;SunTrust Banks;1;;suntrust;suntrust;SunTrust;;;;
422;SYMC;Symantec Corp.;1;;Symantec;symantec;Symantec;;;;
423;SYY;Sysco Corp.;1;;;Sysco;Sysco;;;;
424;TROW;T. Rowe Price Group;1;;troweprice;TRowePrice;T. Rowe Price;;;;
425;TGT;Target Corp.;1;;target;Target_Corp;Target corp;;;;
426;TEL;TE Connectivity Ltd.;1;;;TEConnectivity;TE Connectivity;;;;
427;TE;TECO Energy;1;;;TECOEnergy;TECO Energy;;;;
428;TGNA;Tegna;1;;;TEGNA;Tegna;;;;
429;THC;Tenet Healthcare Corp.;1;;;tenethealth;Tenet Healthcare;;;;
430;TDC;Teradata Corp.;1;;Teradata;Teradata;Teradata;;teradatanews;;
431;TSO;Tesoro Petroleum Co.;1;;;TesoroCorp;Tesoro corp;;;;
432;TXN;Texas Instruments;1;;texasinstruments;TXInstruments;Texas Instruments;;;;
433;TXT;Textron Inc.;1;;;Textron;Textron;;;;
434;BK;The Bank of New York Mellon Corp.;1;;;bnymellon;Bank of New York Mellon;;;;
435;CLX;The Clorox Company;1;;Clorox;Clorox;Clorox;;;;
436;KO;The Coca Cola Company;1;;cocacola;CocaCola;Coca cola;;;;
437;HSY;The Hershey Company;1;;HERSHEYS;Hersheys;Hershey;;;;
438;MOS;The Mosaic Company;1;;mosaiccompany;MosaicCompany;Mosaic Company;;;;
439;TRV;The Travelers Companies Inc.;1;;;travelers;Travelers Companies;;;;
440;DIS;The Walt Disney Company;1;;DisneyAnimation;disney;Walt Disney;;;;
441;TMO;Thermo Fisher Scientific;1;;;thermofisher;Thermo Fisher;;;;
442;TIF;Tiffany & Co.;1;;Tiffany;TiffanyAndCo;Tiffany & Co.;;;;
443;TWC;Time Warner Cable Inc.;1;;twc;TWC;Time Warner Cable;;;;
444;TWX;Time Warner Inc.;1;;TimeWarner;twxcorp;Time Warner -cable;;;;
445;TJX;TJX Companies Inc.;1;;;TJXCo;TJX Companies;;;;
446;TMK;Torchmark Corp.;1;;;;Torchmark;;;;
447;TSS;Total System Services;1;;;TSYS_TSS;Total System Services;;;;
448;TSCO;Tractor Supply Company;1;;TractorSupplyCo;TractorSupply;Tractor Supply;;;;
449;RIG;Transocean;1;;;;Transocean;;;;
450;TRIP;TripAdvisor;1;;TripAdvisor;TripAdvisor;TripAdvisor;;;;
451;FOXA;Twenty-First Century Fox;1;;628676587157110;21CF;21st Century Fox;;;;
452;TYC;Tyco International;1;;;;Tyco International;;;;
453;TSN;Tyson Foods;1;;TysonFoods;TysonFoods;Tyson Foods;;;;
454;USB;U.S. Bancorp;1;;usbank;usbank;U.S. Bancorp;;;;
455;UA;Under Armour;1;;Underarmour;UnderArmour;Under Armour;;;;
456;UNP;Union Pacific;1;;unionpacific;UnionPacific;Union Pacific;;;;
457;UNH;United Health Group Inc.;1;;;unitedhealthgrp;United Health Group;;;;
458;UPS;United Parcel Service;1;;ups;UPS;UPS;;;;
459;URI;United Rentals, Inc.;1;;;United_Rentals;United Rentals;;;;
460;UTX;United Technologies;1;;;UTC;United Technologies;;;;
461;UHS;Universal Health Services, Inc.;1;;;;Universal Health Services;;;;
462;UNM;Unum Group;1;;;unumnews;Unum Group;;;;
463;URBN;Urban Outfitters;1;;urbanoutfitters;UrbanOutfitters;Urban Outfitters;;;;
464;VFC;V.F. Corp.;1;;;;V.F. Corp.;;;;
465;VLO;Valero Energy;1;;valeroenergy;ValeroEnergy_;Valero Energy;;;;
466;VAR;Varian Medical Systems;1;;;;Varian Medical Systems;;;;
467;VTR;Ventas Inc;1;;;;Ventas Inc;;;;
468;VRSN;Verisign Inc.;1;;Verisign;VERISIGN;Verisign;;;;
469;VZ;Verizon Communications;1;;verizon;VerizonNews;Verizon;;verizon;;
470;VRTX;Vertex Pharmaceuticals Inc;1;;;VertexPharma;Vertex Pharmaceuticals;;;;
471;VIAB;Viacom Inc.;1;;Viacom;Viacom;Viacom;;;;
472;V;Visa Inc.;1;;Visa;VisaNews;Visa Inc.;;Visa;;
473;VNO;Vornado Realty Trust;1;;;;Vornado Realty Trust;;;;
474;VMC;Vulcan Materials;1;;;Vulcan_Concrete;Vulcan Materials;;;;
475;WBA;Walgreens Boots Alliance;1;;Walgreens;walgreens;Walgreens Boots Alliance;;;;
476;WMT;Wal-Mart Stores;1;;walmart;Walmart;Walmart;;;;
477;WM;Waste Management Inc.;1;;;WasteManagement;Waste Management;;;;
478;WAT;Waters Corporation;1;;Waters;WatersCorp;Waters Corp;;;;
479;WFC;Wells Fargo;1;;wellsfargo;WellsFargo;Wells Fargo;;;;
480;WDC;Western Digital;1;;WD;WesternDigital;Western Digital;;;;
481;WU;Western Union Co;1;;WesternUnion;WesternUnion;Western Union;;;;
482;WY;Weyerhaeuser Corp.;1;;;WoodbyWY;Weyerhaeuser;;;;
483;WHR;Whirlpool Corp.;1;;whirlpoolusa;WhirlpoolCorp;Whirlpool Corp.;;;;
484;WFM;Whole Foods Market;1;;wholefoods;WholeFoods;Whole Foods Market;;;;
485;WMB;Williams Cos.;1;;WilliamsEnergyCo;WilliamsUpdates;Williams Companies;;;;
486;WEC;Wisconsin Energy Corporation;1;;;wisnrg;Wisconsin Energy corp;;;;
487;WYN;Wyndham Worldwide;1;;WyndhamWorldwide;Wyndham;Wyndham Worldwide;;;;
488;WYNN;Wynn Resorts Ltd;1;;;;Wynn Resorts;;;;
489;XEL;Xcel Energy Inc;1;;xcelenergy;xcelenergy;Xcel Energy;;;;
490;XRX;Xerox Corp.;1;;XeroxCorp;Xerox;Xerox;;;;
491;XLNX;Xilinx Inc;1;;;XilinxInc;Xilinx;;;;
492;XL;XL Capital;1;;;XLCatlin;XL Catlin;;;;
493;XYL;Xylem Inc.;1;;;XylemInc;Xylem Inc.;;;;
494;YHOO;Yahoo Inc.;1;;yahoofinance;YahooInc;Yahoo;;;;
495;YUM;Yum! Brands Inc;1;;yumbrands;yumbrands;Yum! Brands;;;;
496;ZBH;Zimmer Biomet Holdings;1;;;zimmerbiomet;Zimmer Biomet;;;;
497;ZION;Zions Bancorp;1;;;;Zions Bancorporation;;;;
498;ZTS;Zoetis;1;;Zoetis;Zoetis;Zoetis;;;;
501;SKFRY;AB SKF;2;;SKFGroup;SKFgroup;SKF;;;;
502;ABBN.VX;ABB Ltd;2;;ABB;ABBgroupnews;ABB ltd;;;;
503;ADN.L;Aberdeen Asset Management PLC;2;;AberdeenAssetManagement;AberdeenAssetUK;Aberdeen Asset Management;;;;
504;ABE.MC;Abertis Infraestructuras SA;2;;;Abertis;Abertis;;;;
505;AC.PA;Accor SA;2;;Accor;AccorHotelsNews;Accor;;;;
506;ACS.MC;ACS Actividades de Construccion y Servicios SAACS:MCE;2;;;GRUPOACSnews;Actividades de Construccion y Servicios;;;;
507;ATLN.VX;Actelion LtdATLN:VTX;2;;actelion;actelion_com;Actelion;;;;
508;ADEN.VX;Adecco SAADEN:VTX;2;;adecco;AdeccoGroup;Adecco;;;;
509;ADS.DE;adidas AGADSX.N:GER;2;;adidas;adidas;adidas;;;;
510;AGN.AS;Aegon NVAGN:AEX;2;;Aegon;Aegon;Aegon;;;;
511;ADP.PA;Aeroports De Paris SAADP:PAR;2;;aeroportsdeparis;AeroportsParis;Aeroports De Paris;;;;
512;FO4N.F;Ageas SAFORB:BRU;2;;AgeasCom;Ageascom;Ageas;;;;
513;AI.PA;Air LiquideAI:PAR;2;;;airliquidegroup;Air Liquide;;;;
514;AIR.PA;Airbus Group NVAIR:PAR;2;;airbus;AirbusGroupNEWS;Airbus Group;;AirbusGroup;;
515;AKZA.AS;Akzo Nobel NVAKZA:AEX;2;;AkzoNobel;AkzoNobel;Akzo Nobel;;;;
516;ALU.PA;Alcatel Lucent SAALU:PAR;2;;ALUEnterprise;Alcatel_Lucent;Alcatel Lucent;;;;
517;ALFA.ST;Alfa Laval ABALFA:STO;2;;171132542929029;Alfa_Laval;Alfa Laval;;;;
518;ALV.DE;Allianz SEALVX:GER;2;;allianz;Allianz;Allianz;;;;
519;ALPHA.AT;Alpha Bank SAALPHA:ATH;2;;alphabankbonus;Alpha_Bank;Alpha Bank;;;;
520;ALO.PA;Alstom SAALO:PAR;2;;ALSTOM;Alstom;Alstom;;;;
521;AMS.MC;Amadeus IT Holding SAAMS:MCE;2;;AmadeusITGroup;AmadeusITGroup;Amadeus IT Holding;;;;
522;AAL.L;Anglo American PLCAAL:LSE;2;;AngloAmerican;AngloAmerican;Anglo American;;;;
523;ABI.BR;Anheuser-Busch InBev SAABI:BRU;2;;AnheuserBusch;AnheuserBusch;Anheuser-Busch;;;;
524;ANTO.L;Antofagasta PLCANTO:LSE;2;;;;Antofagasta plc;;;;
525;MAERSK-A.CO;AP Moeller Maersk A/SMAERSK A:CPH;2;;MaerskGroup;maersk;Maersk;;;;
526;MT.AS;ArcelorMittalMT:AEX;2;;;ArcelorMittal;ArcelorMittal;;;;
527;ARM.L;ARM Holdings PLCARM:LSE;2;;;ARMHoldings;ARM Holdings;;;;
528;ASML.AS;ASML Holding NVASML:AEX;2;;;;ASML Holding;;;;
529;ALZC.BE;Assa Abloy ABASSA B:STO;2;;assaabloy;assaabloy;Assa Abloy;;;;
530;G.MI;Assicurazioni Generali SpAG:MIL;2;;;Generali_UK;Assicurazioni Generali;;;;
531;ABF.L;Associated British Foods PLCABF:LSE;2;;;;Associated British Foods;;;;
532;AZN.L;AstraZeneca PLCAZN:LSE;2;;;AstraZeneca;AstraZeneca;;;;
533;ATL.MI;Atlantia SpAATL:MIL;2;;;;Atlantia S.p.A. ;;;;
534;CS.PA;AXA SACS:PAR;2;;axainsurance;AXA;AXA;;;;
535;BA.L;BAE Systems PLCBA.:LSE;2;;BAESystemsplc;BAESystemsplc;BAE Systems ;;;;
536;BBVA.MC;Banco Bilbao Vizcaya Argentaria S.A.BBVA:MCE;2;;GrupoBBVA;bbva;Banco Bilbao Vizcaya Argentaria;;;es;
537;SAB.MC;Banco de Sabadell SASAB:MCE;2;;;bancosabadell;Banco Sabadell;;;es;
538;POP.MC;Banco Popular Espanol SAPOP:MCE;2;;popular;popularenlinea;Banco Popular Espanol ;;;es;
539;SAN.MC;Banco Santander SASAN:MCE;2;;bancosantander;bancosantander;Banco Santander;;;es;
540;BIR.IR;Bank of IrelandBIR:ISE;2;;BankofIreland;bankofireland;Bank of Ireland;;;;
541;BKIA.MC;Bankia SABKIA:MCE;2;;bankia.es;Bankia;Bankia;;;es;
542;BARC.L;Barclays PLCBARC:LSE;2;;BarclaysUK;Barclays;Barclays;;;;
543;BAS.DE;BASF SEBASX.N:GER;2;;basf;BASF;BASF;;;;
544;BAYN.DE;Bayer AGBAYX.N:GER;2;;Bayer;Bayer;Bayer AG;;;;
545;BMW.DE;Bayerische Motoren Werke AGBMWX:GER;2;;BMW;BMWGroup;BMW;;BMW;;
546;BEI.DE;Beiersdorf AGBEIX:GER;2;;;Beiersdorf_AG;Beiersdorf;;;;
547;BLG.BR;Belgacom NVBELG:BRU;2;;;Proximus_Group;Belgacom;;;;
548;CBG.L;BG Group PLCBG.:LSE;2;;;BGGroup;BG Group;;;;
549;BLT.L;BHP Billiton PLCBLT:LSE;2;;;bhpbilliton;BHP Billiton;;;;
550;BNP.PA;BNP Paribas SABNP:PAR;2;;bnpparibas.net;BNPParibas;BNP Paribas;;;;
551;BOL.PA;Bollore SABOL:PAR;2;;;;Bollore;;;;
552;EN.PA;Bouygues SAEN:PAR;2;;bouyguestelecom;bouyguestelecom;Bouygues;;;fr;
553;CBP.L;BP PLCBP.:LSE;2;;bp;bp_plc;BP plc;;;;
554;BNR.DE;Brenntag AGBNRX.N:GER;2;;;BrenntagUK;Brenntag;;;;
555;BATS.L;British American Tobacco PLCBATS:LSE;2;;;BATPress;British American Tobacco;;;;
556;BLND.L;British Land Company PLCBLND:LSE;2;;;BritishLandPLC;British Land Company;;;;
557;BT-A.L;BT GroupBT.A:LSE;2;;;BTGroup;BT Group;;;;
558;BRBY.L;Burberry Group PLCBRBY:LSE;2;;Burberry;Burberry;Burberry group;;;;
559;BVI.PA;Bureau Veritas Registre International de Classification de Navires et d'AeronefsBVI:PAR;2;;;_BureauVeritas;Bureau Veritas;;;fr;
560;CABK.MC;Caixabank SACABK:MCE;2;;;infoCaixa;Caixabank;;;es;
561;CAP.PA;Cap Gemini SACAP:PAR;2;;Capgemini;Capgemini;Cap Gemini;;;;
562;CPI.L;Capita PLCCPI:LSE;2;;;CapitaPress;Capita plc;;;;
563;CABGY;Carlsberg A/SCARL B:CPH;2;;Carlsberg;carlsberg;Carlsberg;;;;
564;CCL.L;Carnival PLCCCL:LSE;2;;;CarnivalPLC;Carnival plc;;;;
565;CA.PA;Carrefour SACA:PAR;2;;carrefour;CarrefourGroup;Carrefour;;;;
566;CO.PA;Casino Guichard Perrachon SACO:PAR;2;;;Groupe_Casino;Groupe Casino;;;fr;
567;CNA.L;Centrica PLCCNA:LSE;2;;centricaplc;centricaplc;Centrica;;;;
568;CNHI.MI;CNH Industrial NVCNHI:MIL;2;;CNHIndustrial;CNHIndustrial;CNH Industrial;;;;
569;CNP.PA;CNP Assurances SACNP:PAR;2;;;CNP_Assurances;CNP Assurances;;;fr;
570;CCH.L;Coca Cola HBC AGCCH:LSE;2;;;;Coca Cola HBC;;;;
571;CLPBF;Coloplast A/SCOLO B:CPH;2;;Coloplast;Coloplast_UK;Coloplast;;;;
572;CBK.DE;COMMERZBANK AGCBKX:GER;2;;commerzbank;commerzbank;Commerzbank;;;de;
573;SGO.PA;Compagnie de Saint Gobain SASGO:PAR;2;;saintgobaingroup;saintgobain;Saint Gobain;;;;
574;CFRUY;Compagnie Financiere Richemont SACFR:VTX;2;;;;Richemont;;;;
575;AML.PA;Compagnie Generale des Etablissements Michelin SCAML:PAR;2;;Michelin;Michelin;Michelin;;;;
576;CPG.L;Compass Group PLCCPG:LSE;2;;;compassgroupuk;Compass Group plc;;;;
577;CON.DE;Continental AGCONX:GER;2;;Continental;continentaltire;Continental AG;;;;
578;ACA.PA;Credit Agricole SAACA:PAR;2;;CreditAgricole;CreditAgricole;Credit Agricole;;;fr;
579;CSX.DE;Credit Suisse Group AGCSGN:VTX;2;;creditsuisse;CreditSuisse;Credit Suisse;;;;
580;CRH.L;CRH PLCCRH:LSE;2;;;CRH_plc;CRH plc;;;;
581;DAI.DE;Daimler AGDAIX.N:GER;2;;;Daimler_News;Daimler;;Daimler;;
582;BN.PA;Danone SABN:PAR;2;;danone.de;Danone;Danone;;;;
583;DSN.MU;Danske BankDANSKE:CPH;2;;DanskeBankDanmark;DanskeBank_UK;Danske Bank;;;;
584;DSY.PA;Dassault Systemes SADSY:PAR;2;;DassaultSystemes;dassault3ds;Dassault Systemes;;;;
585;DBK.DE;Deutsche Bank AGDBKX.N:GER;2;;DeutscheBank;DeutscheBank;Deutsche Bank;;;;
586;DB1.DE;Deutsche Boerse AGDB1X.N:GER;2;;DeutscheBoerseAG;DeutscheBoerse;Deutsche Boerse;;;;
587;LHA.DE;Deutsche Lufthansa AGLHAX:GER;2;;lufthansa;lufthansa;Lufthansa;;;;
588;DPW.DE;Deutsche Post AGDPWX.N:GER;2;;deutschepost;DeutschePostDHL;Deutsche Post;;;;
589;DTE.DE;Deutsche Telekom AGDTEX.N:GER;2;;deutschetelekom;Telekom_group;Deutsche Telekom ;;deutschetelekom;;
590;DGE.L;Diageo PLCDGE:LSE;2;;;Diageo_News;Diageo;;;;
591;DNBHF;DNB NOR ASADNBNOR:OSL;2;;dnb;DnB_NOR;DNB ASA;;;no;
592;EOAN.DE;E.ON SEEOAX.N:GER;2;;EON;EON_SE_en; E.ON se;;;;
593;EZJ.L;easyJet plcEZJ:LSE;2;;easyJet;easyJet_press;easyJet;;easyJet;;
594;ELCPF;EDP Energias de Portugal SAEDP:LIS;2;;;energiapt;Energias de Portugal;;;pr;
595;EDF.PA;Electricite de France SAEDF:PAR;2;;edf;edfenergy;EDF Energy;;;;
596;EMSHF;Ems Chemie Holding AGEMSN:SWX;2;;;;Ems Chemie;;;;
597;ENA.DE;Endesa SAELE:MCE;2;;Endesa.es;;Endesa SA;;;;
598;EGPW.MI;Enel Green Power SpAEGPW:MIL;2;;;;Enel Green Power;;;;
599;ENEL.MI;Enel SpAENEL:MIL;2;;;;Enel SpA;;;;
600;ENI.MI;Eni SpAENI:MIL;2;;Eni;eni;Eni SPA;;;;
601;ERIC-B.ST;EricssonERIC B:STO;2;;ericsson;Ericssonpress;Ericsson;;ericsson;;
602;EBS.VI;Erste Group Bank AGEBS:VIE;2;;;ErsteGroup;Erste Group;;;;
603;ESLOY;Essilor International Compagnie Generale D'Optique SAEI:PAR;2;;Essilorgroup;Essilor;Essilor;;;;
604;EVK.DE;Evonik Industries AGEVKX.N:GER;2;;;Evonik;Evonik;;;;
605;IFIC.BE;Exor SpAEXO:MIL;2;;;;Exor SpA;;;;
606;EXPN.L;Experian PLCEXPN:LSE;2;;experian;Experian;Experian;;;;
607;FER.MC;Ferrovial SAFER:MCE;2;;ferrovial;ferrovial;Ferrovial;;;;
608;FCA.MI;Fiat Chrysler Automobiles NVFCA:MIL;2;;FCAFiatChryslerAutomobiles;;Fiat Chrysler Automobiles;;;;
609;FME.DE;Fresenius Medical Care AG & Co KGaAFMEX:GER;2;;;FreseniusMC;Fresenius Medical Care;;;;
610;FRE.DE;Fresenius SE & Co KGaAFREX:GER;2;;;Fresenius;Fresenius SE;;;;
611;FRES.L;Fresnillo PLCFRES:LSE;2;;;FresnilloUK;Fresnillo plc;;;;
612;GALP.LS;Galp Energia SGPS SAGALP:LIS;2;;;galpenergia;Galp Energia;;;;
613;GAS.MC;Gas Natural SDG SAGAS:MCE;2;;GasNaturalFenosa;GNF_es;Gas Natural Fenosa;;;es;
614;ENGI.PA;GDF Suez SAGSZ:PAR;2;;gdfsuezenergyresourcesna;engiegroup;Engie;;;;
615;GEBN.VX;Geberit AGGEBN:VTX;2;;geberit;GeberitGroup;Geberit;;;;
616;GFC.PA;Gecina SAGFC:PAR;2;;;Gecina;Gecina;;;fr;
617;GTO.AS;Gemalto NVGTO:AEX;2;;gemalto;Gemalto;Gemalto;;;;
618;GETI-B.ST;Getinge ABGETI B:STO;2;;;;Getinge;;;;
619;GIVN.VX;Givaudan SAGIVN:VTX;2;;;Givaudan;Givaudan;;;;
620;GJF.OL;Gjensidige Forsikring ASAGJF:OSL;2;;GjensidigeNorge;Gjensidige;Gjensidige;;;no;
621;GKN.L;GKN PLCGKN:LSE;2;;;GKN_plc;GKN plc;;;;
622;GSK.L;GlaxoSmithKline PLCGSK:LSE;2;;GSK;GSK;GlaxoSmithKline;;;;
623;GLEN.L;Glencore PLCGLEN:LSE;2;;;Glencoreplc;Glencore;;;;
624;GRF.MC;Grifols SAGRF:MCE;2;;;Grifols_Press;Grifols;;;;
625;GBLB.BR;Groupe Bruxelles Lambert SAGBLB:BRU;2;;;;Groupe Bruxelles Lambert;;;;
626;HMSB.DE;H & M Hennes & Mauritz ABHM B:STO;2;;hm;hm;Hennes & Mauritz;;;;
627;HNR1.DE;Hannover Rueck SEHNRX.N:GER;2;;;;Hannover Re;;;;
628;HL.L;Hargreaves Lansdown PLCHL.:LSE;2;;hargreaveslansdowninvest;HLInvest;Hargreaves Lansdown;;;;
629;HEI.DE;Heidelbergcement AGHEIX:GER;2;;;the_hc_group;Heidelbergcement;;;;
630;HEIA.AS;HeinekenHEIA:AEX;2;;heineken;heinekencorp;Heineken;;;;
631;HEN.DE;Henkel & Co KGaA AGHENX:GER;2;;henkel;Henkel;Henkel;;;;
632;RMS.PA;Hermes International SCARMS:PAR;2;;hermes;Hermes_Paris;Hermes;;;;
633;HEXA-B.ST;Hexagon ABHEXA B:STO;2;;;HexagonAB;Hexagon AB;;;;
634;;Holcim LtdHOLN:VTX;2;;Holcim;LafargeHolcim;Holcim;;;;
635;HSBA.L;HSBC Holdings PLCHSBA:LSE;2;;hsbcuk;HSBC;HSBC Holdings;;;;
636;BOSS.DE;Hugo Boss AGBOSX.N:GER;2;;hugoboss;HUGOBOSS;Hugo Boss;;;;
637;LSPN.DE;Chocoladefabriken Lindt & Spruengli AGLISN:SWX;2;;LindtChocolate;Lindt_Chocolate;Lindt & Sprungli;;;;
638;CDI.PA;Christian Dior SECDI:PAR;2;;Dior;Dior;Christian Dior;;;;
639;IBE1.DE;Iberdrola SAIBE:MCE;2;;;Iberdrola_En;Iberdrola;;;;
640;ILD.PA;Iliad SAILD:PAR;2;;;;Iliad SA -homer;;;;
641;IMT.L;Imperial Tobacco Group PLCIMT:LSE;2;;;ImperialBrands;Imperial Brands;;;;
642;ITX.MC;Industria de Diseno Textil SAITX:MCE;2;;;;Industria de Diseno Textil;;;;
643;IFX.DE;Infineon Technologies AGIFXX.N:GER;2;;Infineon;Infineon;Infineon Technologies;;;;
644;INGA.AS;ING GroepINGA:AEX;2;;ING;ING_news;ING Group;;;;
645;IHG.L;InterContinental Hotels Group PLCIHG:LSE;2;;ihg;IHG;InterContinental Hotels Group;;;;
646;IAG.L;International Consolidated Airlines Group SAIAG:LSE;2;;;;International Airlines Group;;;;
647;ITRK.L;Intertek Group PLCITRK:LSE;2;;Intertek;Intertek;Intertek;;;;
648;ISP.MI;Intesa Sanpaolo SpAISP:MIL;2;;intesasanpaologroup;intesasanpaolo;Intesa Sanpaolo;;;es;
649;ITV.L;ITV PLCITV:LSE;2;;itv;itvpresscentre;ITV;;ITV;;
650;SBRY.L;J Sainsbury PLCSBRY:LSE;2;;sainsburys;sainsburysnews;J Sainsbury ;;sainsburys;;
651;JEM.DU;Jeronimo Martins SGPS SAJMT:LIS;2;;;;Jeronimo Martins;;;;
652;JMAT.L;Johnson Matthey PLCJMAT:LSE;2;;;Johnson_Matthey;Johnson Matthey;;;;
653;BAER.VX;Julius Baer Gruppe AGBAER:VTX;2;;;;Julius Baer Gruppe;;;;
654;KD8.DE;Kabel Deutschland Holding AGKD8X.N:GER;2;;;;Kabel Deutschland;;;;
655;KBC.BR;KBC GroupKBC:BRU;2;;KBCBankEnVerzekering;kbc_group;KBC Group;;;;
656;KER.PA;Kering SAKER:PAR;2;;keringgroup;KeringGroup;Kering;;;;
657;KYGA.L;Kerry Group PLCKRZ:ISE;2;;;kerryfoodgroup;Kerry Group;;;;
658;KGF.L;Kingfisher PLCKGF:LSE;2;;kingfisherworld;kingfisherplc;Kingfisher;;;;
659;LI.PA;Klepierre SALI:PAR;2;;;;Klepierre;;;;
660;KPN.DE;Koninklijke KPN NVKPN:AEX;2;;kpn;KPN;Koninklijke KPN;;;nl;
661;KNIN.VX;Kuehne und Nagel International AGKNIN:VTX;2;;;KNSeafreight;Kuehne + Nagel;;;;
662;LHN.PA;Lafarge SALG:PAR;2;;LafargeHolcim;LafargeHolcim;LafargeHolcim;;;;
663;LAND.L;Land Securities Group PLCLAND:LSE;2;;;landsecurities;Land Securities;;;;
664;LGEN.L;Legal & General Group PLCLGEN:LSE;2;;;landg_group;Legal & General Group;;;;
665;LR.PA;Legrand SALR:PAR;2;;LegrandFrance;Legrand;Legrand;;;;
666;LIN.DE;Linde AGLINX:GER;2;;;The_Linde_Group;Linde AG;;;;
667;LLOY.L;Lloyds Banking Group plcLLOY:LSE;2;;lloydsbank;AskLloydsBank;Lloyds Banking Group;;;;
668;OR.PA;L'Oreal SAOR:PAR;2;;LorealParis;Loreal;Loreal;;;;
669;LUX.MI;Luxottica Group SpALUX:MIL;2;;Luxottica;Luxottica;Luxottica Group;;;;
670;MC.PA;LVMH Moet Hennessy Louis Vuitton SEMC:PAR;2;;LouisVuitton;LouisVuitton;Louis Vuitton;;;;
671;MAN.DE;Man SEMANX:GER;2;;ManTruckBusUKLtd;mantruckbusuk;MAN SE;;;;
672;MAP.MC;Mapfre SAMAP:MCE;2;;MAPFRE.Corp;MAPFRE;Mapfre;;;es;es
673;MKS.L;Marks and Spencer Group PLCMKS:LSE;2;;MarksandSpencer;marksandspencer;Marks and Spencer Group;;;;
674;MRK.DE;Merck KGaAMRKX:GER;2;;;Merck;Merck;;;;
675;MEO.DE;Metro AGMEOX:GER;2;;;;Metro AG;;;;
676;MUV2.DE;Muenchener Rueckversicherungs Gesellschaft AG in MuenchenMUVX.N:GER;2;;;MunichRe;Munich Re;;;;
677;ETE.AT;National Bank of Greece SAETE:ATH;2;;;;National Bank of Greece;;;;
678;NG.L;National Grid PLCNG.:LSE;2;;nationalgrid;Grid_Media;National Grid;;nationalgriduk;;
679;KN.PA;Natixis SAKN:PAR;2;;;Natixis_com;Natixis;;;fr;
680;NESN.VX;Nestle SANESN:VTX;2;;nestle;nestle;Nestle;;;;
681;NXT.L;Next PLCNXT:LSE;2;;nextonline;nextofficial;Next plc;;;;
682;NOKIA.HE;NOKIANOK1V:HEX;2;;nokia;nokia;Nokia;;;;
683;NHY.OL;Norsk Hydro ASANHY:OSL;2;;;NorskHydroASA;Norsk Hydro;;;;
684;NOVN.VX;Novartis AGNOVN:VTX;2;;novartis;Novartis;Novartis;;;;
685;NOVO-B.CO;Novo Nordisk A/SNOVO B:CPH;2;;novonordisk;novonordisk;Novo Nordisk;;;;
686;NZYM-B.CO;Novozymes A/SNZYM B:CPH;2;;;Novozymes;Novozymes;;;;
687;OCI.AS;Oci NVOCI:AEX;2;;;;Oci NV;;;;
688;OML.L;Old Mutual PLCOML:LSE;2;;oldmutual;OldMutualSA;Old Mutual;;;;
689;OMV.VI;OMV AGOMV:VIE;2;;;omv;OMV;;;;
690;ORA.PA;Orange SAORA:PAR;2;;Orange;orange;Orange SA;;;;
691;ORK.OL;OrklaORK:OSL;2;;orklafoodsnorge;OrklaGroup;Orkla;;;;
692;PSON.L;PearsonPSON:LSE;2;;;pearson;Pearson;;;;
693;RI.PA;Pernod Ricard SARI:PAR;2;;;Pernod_Ricard;Pernod Ricard;;;;
694;PFC.L;Petrofac LtdPFC:LSE;2;;;;petrofac -cup -final;;;;
695;PHIA.DE;Philips ElectronicsPHIA:AEX;2;;Philips;PhilipsPR;Philips Electronics;;Philips;;
696;TPEIR.AT;Piraeus Bank SATPEIR:ATH;2;;;;Piraeus Bank;;;;
697;PGIL.L;Polyus Gold International LtdPGIL:LSE;2;;;PolyusGoldInt;Polyus Gold;;;;
698;PAH3.DE;Porsche Automobil Holding SEPAH3:GER;2;;porsche;PorscheNewsroom;Porsche;;Porsche;;
699;PSM.DE;Prosiebensat 1 Media AGPSMX.N:GER;2;;p7s1p4;P7S1P4;Prosiebensat 1 Media;;;de;de 
700;PRU.L;Prudential PLCPRU:LSE;2;;;Prudential;Prudential;;;;
701;PUB.PA;Publicis Groupe SAPUB:PAR;2;;publicisgroupe;PublicisGroupe;Publicis Groupe;;;;
702;RBI.VI;Raiffeisen Bank International AGRBI:VIE;2;;;RBI_Presse;Raiffeisen Bank International;;;;
703;RAND.AS;Randstad HoldingRAND:AEX;2;;;Randstad;Randstad;;;;
704;RB.L;Reckitt Benckiser Group PLCRB.:LSE;2;;discoverRB;discoverRB;Reckitt Benckiser;;;;
705;REE.MC;Red Electrica Corporacion SAREE:MCE;2;;;RedElectricaREE;Red Electrica Corporacion;;;es;
706;REN.AS;Reed Elsevier NVREN:AEX;2;;;RELXGroupHQ;RELX Group;;;;
707;REL.L;Reed Elsevier PLCREL:LSE;2;;ElsevierConnect;ElsevierNews;Elsevier;;;;
708;RNO.PA;Renault SARNO:PAR;2;;renault;Groupe_Renault;Renault;;;;
709;REP.MC;Repsol SAREP:MCE;2;;;;Repsol -@box_repsol -honda;;;;
710;RIO.L;Rio Tinto PLCRIO:LSE;2;;;RioTinto;Rio Tinto;;;;
711;ROG.VX;Roche Holding AGROG:VTX;2;;LaRochePosay;roche;Roche Holding;;;;
712;RR.L;Rolls-Royce Holdings PLCRR.:LSE;2;;rollsroycemotorcars;RollsRoyce;Rolls-Royce Holdings;;RollsRoyceMedia;;
713;RBS.L;Royal Bank of Scotland Group PLCRBS:LSE;2;;royalbankofscotland;RBSGroup;Royal Bank of Scotland;;;;
714;RDSA.L;Royal Dutch Shell PLCRDSA:LSE;2;;Shell;shell;Shell;;;;
715;RRTL.DE;RTL Group SARRTLX:GER;2;;;rtlgroup;RTL Group;;;;
716;RWE.DE;RWE AGRWEX:GER;2;;vorweggehen;RWE_Group;RWE;;;;
717;RYA.L;Ryanair HoldingsRY4B:ISE;2;;ryanair;Ryanair;Ryanair Holdings;;;;
718;SAB.L;SABMiller PLCSAB:LSE;2;;sabmiller;SABMiller;SABMiller;;;;
719;SAF.PA;Safran SASAF:PAR;2;;;SAFRAN;Safran -erin;;;;
720;SAPMY;Saipem SpASPM:MIL;2;;;saipemcanada;Saipem;;;;
721;SAND.ST;Sandvik ABSAND:STO;2;;;SandvikGroup;Sandvik;;;;
722;SAN.PA;Sanofi SASAN:PAR;2;;sanofiUS;sanofi;Sanofi;;;;
723;SAP.DE;SAP SESAPX:GER;2;;SAP;sapnews;SAP;;sap;;
724;SDRL.OL;Seadrill LtdSDRL:OSL;2;;;SeadrillLtd;Seadrill;;;;
725;SESG.PA;SES SASESG:PAR;2;;;SES_Satellites;SES S.A.;;;;
726;SGSN.VX;SGS SASGSN:VTX;2;;SocieteGeneraledeSurveillance;SGS_SA;Societe Generale de Surveillance;;;;
727;SHP.L;Shire PLCSHP:LSE;2;;;Shireplc;Shire plc;;;;
728;SCHN.SW;Schindler Holding AGSCHN:SWX;2;;;SchindlerNA;Schindler Holding;;;;
729;SCHP.VX;Schindler Holding AGSCHP:VTX;2;;;;Schindler Group;;;;
730;SU.PA;Schneider Electric SESU:PAR;2;;SchneiderElectricCareers;SchneiderElec;Schneider Electric;;;;
731;SDR.L;Schroders PLCSDR:LSE;2;;;Schroders;Schroders;;;;
732;SIE.DE;Siemens AGSIEX.N:GER;2;;Siemens;Siemens;siemens_press;;Siemens;;
733;SEB-A.ST;Skandinaviska Enskilda Banken ABSEB A:STO;2;;;SEBGroup;Skandinaviska Enskilda Banken;;;;
734;SKA-B.ST;Skanska ABSKA B:STO;2;;Skanska;SkanskaGroup;Skanska;;;;
735;SKY.L;Sky PLCSKY:LSE;2;;;SkyNews;Sky plc;;;;
736;SN.L;Smith & Nephew PLCSN.:LSE;2;;SmithNephewPlc;SmithNephewPLC;Smith & Nephew;;;;
737;SMIN.L;Smiths Group PLCSMIN:LSE;2;;;SmithsGroupplc;Smiths Group;;;;
738;SRG.MI;Snam SpASRG:MIL;2;;;snam;Snam;;;it;
739;GLE.PA;Societe GeneraleGLE:PAR;2;;societegenerale;SocieteGenerale;Societe Generale;;;;
740;SW.PA;Sodexo SASW:PAR;2;;SodexoUKIreland;SodexoGroup;Sodexo;;;;
741;SOLB.BR;SolvaySOLB:BRU;2;;solvaygroup;SolvayGroup;Solvay;;;;
742;SOONE.SW;Sonova Holding AGSOON:SWX;2;;;SonovaGroup;Sonova Holding;;;;
743;STAN.L;Standard Chartered PLCSTAN:LSE;2;;yourSSE;StanChart;Standard Chartered;;;;
744;SL.L;Standard Life PLCSL.:LSE;2;;;StandardLifeplc;Standard Life;;;;
745;STL.OL;Statoil ASASTL:OSL;2;;Statoil;StatoilASA;Statoil;;;;
746;SEV.PA;Suez Environnement Company SASEV:PAR;2;;;;Suez Environnement;;;;
747;SCA-B.ST;Svenska Cellulosa SCA ABSCA B:STO;2;;SCA;SCAeveryday;Svenska Cellulosa;;;;
748;SHB-A.ST;Svenska Handelsbanken ABSHB A:STO;2;;Handelsbanken;HandelsbankenUK;Svenska Handelsbanken;;;;sw
749;SWEDA.ST;Swedbank ABSWED A:STO;2;;swedbanksverige;Swedbank;Swedbank Sverige;;;sw;sw
750;SREN.VX;Swiss Re AGSREN:VTX;2;;;SwissRe;Swiss Re;;;;
751;SCMN.VX;Swisscom AGSCMN:VTX;2;;Swisscom;Swisscom_Media;Swisscom;;Swisscom;;
752;SYNN.VX;Syngenta AGSYNN:VTX;2;;Syngenta;Syngenta;Syngenta;;;;
753;TLX.DE;Talanx AGTLXX.N:GER;2;;;talanx_en;Talanx;;;;
754;TEC.PA;TechnipTEC:PAR;2;;TechnipGroup;TechnipGroup;Technip;;;;
755;TIT.MI;Telecom Italia SpATIT:MIL;2;;TelecomItalia;TIM_Official;Telecom Italia;;;it;it
756;TEF.MC;Telefonica SATEF:MCE;2;;;Telefonica;Telefonica;;;es;
757;TEL.OL;Telenor ASATEL:OSL;2;;telenornorge;TelenorGroup;Telenor;;;;
758;TLSN.ST;TeliaSonera ABTLSN:STO;2;;TeliaSoneraIC;TeliaSoneraAB;TeliaSonera;;;;
759;TEN.MI;Tenaris SATEN:MIL;2;;;Tenaris;Tenaris;;;;
760;TRN.MI;Terna Rete Elettrica Nazionale SpATRN:MIL;2;;ternaspa;TernaSpA;Terna Rete Elettrica Nazionale;;;it;it
761;TSCO.L;Tesco PLCTSCO:LSE;2;;tesco;tesconews;Tesco;;tesco;;
762;HO.PA;Thales SAHO:PAR;2;;;thalesgroup;Thales;;;;
763;TKA.DE;ThyssenKrupp AGTKAX:GER;2;;ThyssenKrupp;thyssenkrupp_en;ThyssenKrupp;;;;
764;FP.PA;Total SAFP:PAR;2;;Total;Total;Total SA;;;;
765;RIGN.VX;Transocean LtdRIGN:VTX;2;;;TransoceanValue;Transocean;;;;
766;TLW.L;Tullow Oil PLCTLW:LSE;2;;TullowOilplc;TullowOilplc;Tullow Oil;;;;
767;;UBS AGUBSN:SWX;2;;UBSglobal;UBS;UBS;;;;
768;UCB.BR;UCB SAUCB:BRU;2;;;ucb_news;UCB;;;;
769;UL.AS;Unibail-Rodamco SEUL:AEX;2;;;;Unibail-Rodamco;;;;
770;UCG.MI;UniCredit SpAUCG:MIL;2;;;UniCredit_PR;UniCredit;;;;
771;ULVR.L;Unilever PLCULVR:LSE;2;;unilever;unilever;Unilever;;;;
772;UU.L;United Utilities Group PLCUU.:LSE;2;;OfficialUnitedUtilities;unitedutilities;United Utilities;;;;
773;FR.PA;Valeo SAFR:PAR;2;;Valeo.Group;Valeo_Group;Valeo;;;;
774;VIE.PA;Veolia Environnement VE SAVIE:PAR;2;;106821786149402;veolia;Veolia;;;;
775;DG.PA;Vinci SADG:PAR;2;;;vinci;Vinci SA -leonardo -da;;;;
776;VIV.PA;Vivendi SAVIV:PAR;2;;;vivendi;Vivendi;;;;
777;VOD.L;Vodafone Group PLCVOD:LSE;2;;vodafoneUK;vodafoneuk;Vodafone;;;;
778;VOW3.DE;Volkswagen AGVOW3:GER;2;;volkswagen;vwgroup_en;Volkswagen;;;;
779;VOLV-B.ST;Volvo ABVOLV B:STO;2;;Volvo;volvogroup;Volvo;;;;
780;WEIR.L;Weir Group PLCWEIR:LSE;2;;;weirgroup;Weir Group;;;;
781;WTB.L;Whitbread PLCWTB:LSE;2;;;WhitbreadPLC;Whitbread;;;;
782;WOS.L;Wolseley PLCWOS:LSE;2;;;wolseleyplc;Wolseley;;;;
783;WPP.L;WPP PLCWPP:LSE;2;;WPP;WPP;WPP;;;;
784;YAR.OL;Yara International ASAYAR:OSL;2;;yarainternational;yara;Yara International;;;;
785;ZC.PA;Zodiac Aerospace SAZC:PAR;2;;;ZodiacAerospace;Zodiac Aerospace;;;;
786;ZURN.VX;Zurich Insurance Group AGZURN:VTX;2;;zurich;Zurich;Zurich Insurance;;;;
